file,title,caption,credit,width,height,kind,sha256
screenshots/mac-3.5-preview/XTimers-Mac-App-Store-01-Overview-2880x1800.png,Overview,XTimers for Mac 3.5 preview: overview. Sample local data.,Xintech LLC,2880,1800,marketing composition using genuine native app captures,d740cc8ff193efafa1b23138024e0636d8ef54f16337afb3acdd0948164400f2
screenshots/mac-3.5-preview/XTimers-Mac-App-Store-02-Timer-Views-2880x1800.png,Timer views,XTimers for Mac 3.5 preview: timer views. Sample local data.,Xintech LLC,2880,1800,marketing composition using genuine native app captures,ad27cb534e4283799871b87b3fa8e0d4da70f7c8f5b4633e5e192a441a15d693
screenshots/mac-3.5-preview/XTimers-Mac-App-Store-03-Task-Sets-2880x1800.png,Task sets,XTimers for Mac 3.5 preview: task sets. Sample local data.,Xintech LLC,2880,1800,marketing composition using genuine native app captures,604f854ce20847b9226a4e2e2fbb3c7b360b0017c7ae2477fc46b1aa130ef3c7
screenshots/mac-3.5-preview/XTimers-Mac-App-Store-04-World-Calendar-2880x1800.png,World Calendar,XTimers for Mac 3.5 preview: World Calendar. Sample local data.,Xintech LLC,2880,1800,marketing composition using genuine native app captures,c384c3b39e4e90a2a01b17fbcdba381be0dd96a299a52049b268b50396445601
screenshots/mac-3.5-preview/XTimers-Mac-App-Store-05-Time-Reports-2880x1800.png,Time reports,XTimers for Mac 3.5 preview: time reports. Sample local data.,Xintech LLC,2880,1800,marketing composition using genuine native app captures,b796962863a26347d1fa50863e87c361d321e1806cb1311516e2c4e28e76b59a
screenshots/mac-3.5-preview/XTimers-Mac-App-Store-06-Sound-Library-2880x1800.png,Sound Library,XTimers for Mac 3.5 preview: sound library. Sample local data.,Xintech LLC,2880,1800,marketing composition using genuine native app captures,af71d444e45e8693032ea198d7d20c64361d9b0b5a932c1a010ee3519cc6eec0
screenshots/mac-3.5-preview/XTimers-Mac-App-Store-07-Countdown-Controls-2880x1800.png,Countdown controls,XTimers for Mac 3.5 preview: countdown controls. Sample local data.,Xintech LLC,2880,1800,marketing composition using genuine native app captures,887b37fc4efdd3531c3a0fa2c42208c501935ee996f10849609aa39a3cd4e85b
screenshots/mac-3.5-preview/XTimers-Mac-App-Store-08-Appearance-2880x1800.png,Appearance,XTimers for Mac 3.5 preview: appearance. Sample local data.,Xintech LLC,2880,1800,marketing composition using genuine native app captures,a3a808cdb71be11ae16cb6eae9d553591d854bfc4f70ac47b14a26ddafadfcf1
screenshots/mac-3.5-preview/XTimers-Mac-App-Store-09-Menu-Bar-2880x1800.png,Menu bar,XTimers for Mac 3.5 preview: menu bar. Sample local data.,Xintech LLC,2880,1800,marketing composition using genuine native app captures,4b467e6897da1322e273776e22d7da86eff93999fd4d013448e684f0adfadda8
screenshots/mac-3.5-preview/XTimers-Mac-App-Store-10-World-Clocks-2880x1800.png,World clocks,XTimers for Mac 3.5 preview: world clocks. Sample local data.,Xintech LLC,2880,1800,marketing composition using genuine native app captures,9ec325f01f940f53965c649c4e01d67508aacdb2dc686dfd431a4cc8b34c9eb9
native/mac-3.5-preview/mac-dark.png,Timer workspace in dark appearance,XTimers for Mac 3.5 preview: timer workspace in dark appearance. Sample local data.,Xintech LLC,1240,796,unchanged native PNG capture,dde39431a3cdf85369734a3973c282f580cbe79c51596edde68c4006e723c9a4
native/mac-3.5-preview/mac-light.png,Timer workspace in light appearance,XTimers for Mac 3.5 preview: timer workspace in light appearance. Sample local data.,Xintech LLC,1520,640,unchanged native PNG capture,4ccdb2cca8b96e7838475a4a2f7da7c5cc17466555361a4b140e6bc5381c037a
native/mac-3.5-preview/mac-planning-minimal-black.png,Minimal timer view,XTimers for Mac 3.5 preview: minimal timer view. Sample local data.,Xintech LLC,658,468,unchanged native PNG capture,6f8dba821af635c1f9d6102952f72ebe91134dc0dcbb4e09344a997486ad03dc
native/mac-3.5-preview/mac-menubar-status-planning.png,Menu-bar timer status,XTimers for Mac 3.5 preview: menu-bar timer status. Sample local data.,Xintech LLC,572,60,unchanged native PNG capture,1f5f88f6a48ef2ca175ea1af6f713645fc7d20cb039b8d5e23d932a402da396f
native/mac-3.5-preview/mac-report-week-daily-totals.png,Weekly report with daily totals and task charts,XTimers for Mac 3.5 preview: weekly report with daily totals and task charts. Sample local data.,Xintech LLC,1520,2396,unchanged native PNG capture,5909d1050b9860f3290f3fcecf12b245e443b588dc51293d312a6e1086707c34
native/mac-3.5-preview/mac-world-calendar-month.png,World Calendar month view,XTimers for Mac 3.5 preview: world calendar month view. Sample local data.,Xintech LLC,2040,1440,unchanged native PNG capture,c15e735adc847374207bec475af6a0cf3e3c59df378e7b60738689a285611206
brand/xtimers-icon-1024.png,XTimers app icon,XTimers app icon.,Xintech LLC,1024,1024,existing public website brand asset,d6907d441ba524bb8ad976fa56a55ffabc606359445451cab928aef470c391a2
video/XTimers-Mac-3.5-Preview-Demo-Poster.png,Mac 3.5 preview walkthrough poster,XTimers for Mac 3.5 preview walkthrough. Sample local tasks. Image: Xintech LLC.,Xintech LLC,1920,1080,Video companion file,c8a901761ef97ac49791f25dbbb2f6b3b528384d001bc42239f3469573e60d27
